﻿<?xml version="1.0" encoding="UTF-8" standalone="yes"?> 
<addon id="pirataqb.repository" name="Pirataqb Repo" version="1.0.0" provider-name="Ricardo Boavida">
 <extension point="xbmc.addon.repository" name="Repo do Pirataqb">
 <info compressed="false">https://raw.githubusercontent.com/pirataqb/PirataQB-Repo/master/Repo_Structure.xml</info>
 <checksum>https://raw.githubusercontent.com/pirataqb/PirataQB-Repo/master/Repo_Structure.xml.md5</checksum>
 <datadir zip="true">https://raw.githubusercontent.com/pirataqb/PirataQB-Repo/master/repo/</datadir> 
 </extension>
 <extension point="xbmc.addon.metadata">
		<summary>Repo</summary>
		<description> </description>    
		<disclaimer> </disclaimer>
	<platform>all</platform>    
</extension>     
</addon>